tela,tela_nome,filtro,tipo,oculto,dispara_hx_get,origem
banking/accounts/<int:account_id>/,banking:account_detail,period,month,,,banking/account_detail.html:24
banking/reclassification/,bank_statements:reclassificacao,conta,select,,,banking/reclassificacao.html:101
banking/reclassification/,bank_statements:reclassificacao,de,date,,,banking/reclassificacao.html:112
banking/reclassification/,bank_statements:reclassificacao,ate,date,,,banking/reclassificacao.html:113
banking/reclassification/,bank_statements:reclassificacao,categoria,select,,,banking/reclassificacao.html:115
banking/reclassification/,bank_statements:reclassificacao,banco,select,,,banking/reclassificacao.html:123
banking/reclassification/,bank_statements:reclassificacao,texto,text,,,banking/reclassificacao.html:130
banking/reclassification/,bank_statements:reclassificacao,importados,checkbox,,,banking/reclassificacao.html:131
dashboard/,dashboard:dashboard,period,hidden,sim,sim,components/filter_type.html:5
dashboard/,dashboard:dashboard,year,hidden,sim,sim,components/filter_type.html:7
dashboard/,dashboard:dashboard,month,hidden,sim,sim,components/filter_type.html:8
dashboard/,dashboard:dashboard,mode,hidden,sim,sim,components/filter_type.html:10
dashboard/,dashboard:dashboard,owner_id,hidden,sim,sim,components/filter_type.html:11
dashboard/,dashboard:dashboard,institution_id,hidden,sim,sim,components/filter_type.html:12
dashboard/,dashboard:dashboard,account_id,hidden,sim,sim,components/filter_type.html:13
dashboard/,dashboard:dashboard,filter_type,select,,sim,components/filter_type.html:14
dashboard/,dashboard:dashboard,categorias,select,,sim,components/filter_type.html:19
dashboard/,dashboard:dashboard,period,month,,sim,dashboard/index.html:14
dashboard/,dashboard:dashboard,mode,select,,sim,dashboard/index.html:18
dashboard/,dashboard:dashboard,owner_id,select,,sim,dashboard/index.html:26
dashboard/,dashboard:dashboard,institution_id,select,,sim,dashboard/index.html:35
dashboard/,dashboard:dashboard,account_id,select,,sim,dashboard/index.html:44
dashboard/content/,dashboard:dashboard_content,period,hidden,sim,sim,components/filter_type.html:5
dashboard/content/,dashboard:dashboard_content,year,hidden,sim,sim,components/filter_type.html:7
dashboard/content/,dashboard:dashboard_content,month,hidden,sim,sim,components/filter_type.html:8
dashboard/content/,dashboard:dashboard_content,mode,hidden,sim,sim,components/filter_type.html:10
dashboard/content/,dashboard:dashboard_content,owner_id,hidden,sim,sim,components/filter_type.html:11
dashboard/content/,dashboard:dashboard_content,institution_id,hidden,sim,sim,components/filter_type.html:12
dashboard/content/,dashboard:dashboard_content,account_id,hidden,sim,sim,components/filter_type.html:13
dashboard/content/,dashboard:dashboard_content,filter_type,select,,sim,components/filter_type.html:14
dashboard/content/,dashboard:dashboard_content,categorias,select,,sim,components/filter_type.html:19
dashboard/content/,dashboard:dashboard_content,period,month,,sim,dashboard/index.html:14
dashboard/content/,dashboard:dashboard_content,mode,select,,sim,dashboard/index.html:18
dashboard/content/,dashboard:dashboard_content,owner_id,select,,sim,dashboard/index.html:26
dashboard/content/,dashboard:dashboard_content,institution_id,select,,sim,dashboard/index.html:35
dashboard/content/,dashboard:dashboard_content,account_id,select,,sim,dashboard/index.html:44
management/,management:management_view,owner_id,select,,sim,management/index.html:10
management/,management:management_view,institution_id,select,,sim,management/index.html:19
management/,management:management_view,account_id,select,,sim,management/index.html:28
management/,management:management_view,month,month,,sim,management/index.html:41
operations/,transactions:operations_view,page_size,hidden,sim,sim,transactions/operations.html:13
operations/,transactions:operations_view,start,date,,sim,transactions/operations.html:16
operations/,transactions:operations_view,end,date,,sim,transactions/operations.html:20
operations/,transactions:operations_view,operation_type,select,,sim,transactions/operations.html:24
operations/,transactions:operations_view,status,select,,sim,transactions/operations.html:33
permissions/,core:permissions,user_id,select,,sim,permissions/index.html:17
reports/account-position/,reports:account_position_view,account_id,hidden,sim,sim,reports/account_position.html:13
reports/account-position/,reports:account_position_view,period,month,,sim,reports/account_position.html:16
reports/account-position/,reports:account_position_view,mode,select,,sim,reports/account_position.html:20
reports/account-position/,reports:account_position_view,owner_id,select,,sim,reports/account_position.html:28
reports/account-position/,reports:account_position_view,institution_id,select,,sim,reports/account_position.html:37
reports/annual-planning/,reports:annual_planning_view,filters_open,hidden,sim,sim,reports/partials/annual_planning_content.html:16
reports/annual-planning/,reports:annual_planning_view,reference_month,month,,sim,reports/partials/annual_planning_content.html:17
reports/annual-planning/,reports:annual_planning_view,layout,select,,sim,reports/partials/annual_planning_content.html:18
reports/annual-planning/,reports:annual_planning_view,mode,select,,sim,reports/partials/annual_planning_content.html:19
reports/annual-planning/,reports:annual_planning_view,owner_ids,select,,sim,reports/partials/annual_planning_content.html:20
reports/annual-planning/,reports:annual_planning_view,account_ids,select,,sim,reports/partials/annual_planning_content.html:21
reports/annual-planning/,reports:annual_planning_view,show_descriptions,checkbox,,sim,reports/partials/annual_planning_content.html:22
reports/annual-planning/,reports:annual_planning_view,agrupar,checkbox,,sim,reports/partials/annual_planning_content.html:23
reports/projections/,reports:projections_view,start_month,month,,sim,reports/projections.html:16
reports/projections/,reports:projections_view,end_month,month,,sim,reports/projections.html:20
reports/projections/,reports:projections_view,mode,select,,sim,reports/projections.html:24
reports/projections/,reports:projections_view,owner_id,select,,sim,reports/projections.html:32
reports/projections/,reports:projections_view,institution_id,select,,sim,reports/projections.html:41
reports/projections/,reports:projections_view,account_id,select,,sim,reports/projections.html:50
reports/projections/,reports:projections_view,detail,hidden,sim,sim,reports/projections.html:62
reports/upcoming-movements/,reports:upcoming_movements_view,start_date,date,,sim,reports/upcoming_movements.html:15
reports/upcoming-movements/,reports:upcoming_movements_view,end_date,date,,sim,reports/upcoming_movements.html:19
reports/upcoming-movements/,reports:upcoming_movements_view,mode,select,,sim,reports/upcoming_movements.html:23
reports/upcoming-movements/,reports:upcoming_movements_view,owner_id,select,,sim,reports/upcoming_movements.html:31
reports/upcoming-movements/,reports:upcoming_movements_view,institution_id,select,,sim,reports/upcoming_movements.html:40
reports/upcoming-movements/,reports:upcoming_movements_view,account_id,select,,sim,reports/upcoming_movements.html:49
settings/audit-log/,core:settings_audit_log,created_on,select,,sim,settings/audit_log.html:29
settings/audit-log/,core:settings_audit_log,user_name,select,,sim,settings/audit_log.html:38
settings/audit-log/,core:settings_audit_log,entity_name,select,,sim,settings/audit_log.html:47
settings/audit-log/,core:settings_audit_log,entity_id,select,,sim,settings/audit_log.html:56
settings/audit-log/,core:settings_audit_log,action,select,,sim,settings/audit_log.html:65
settings/database/,core:settings_database,table_name,select,,sim,settings/database.html:39
settings/monthly-close/,core:settings_monthly_close,filter_account_id,select,,sim,settings/monthly_close.html:23
settings/monthly-close/,core:settings_monthly_close,filter_year,select,,sim,settings/monthly_close.html:36
settings/monthly-close/,core:settings_monthly_close,filter_month,select,,sim,settings/monthly_close.html:45
settings/monthly-close/,core:settings_monthly_close,filter_status,select,,sim,settings/monthly_close.html:54
tables/accounts/,banking:accounts_view,filter_owner_id,select,,sim,tables/accounts.html:96
tables/accounts/,banking:accounts_view,filter_institution_id,select,,sim,tables/accounts.html:102
tables/banks/,banking:institutions_view,filter_type,select,,sim,tables/banks.html:43
tables/categories/,transactions:categories_view,filter_type,select,,sim,tables/categories.html:51
transactions/,transactions:transactions_view,filter_date,select,,sim,transactions/_table_body.html:19
transactions/,transactions:transactions_view,filter_type,select,,sim,transactions/_table_body.html:25
transactions/,transactions:transactions_view,filter_category,select,,sim,transactions/_table_body.html:31
transactions/,transactions:transactions_view,operation_id,hidden,sim,sim,transactions/index.html:25
transactions/,transactions:transactions_view,entry_id,hidden,sim,sim,transactions/index.html:26
transactions/,transactions:transactions_view,dashboard_drilldown,hidden,sim,sim,transactions/index.html:27
transactions/,transactions:transactions_view,filter_group,hidden,sim,sim,transactions/index.html:28
transactions/,transactions:transactions_view,period,month,,sim,transactions/index.html:31
transactions/,transactions:transactions_view,mode,select,,sim,transactions/index.html:35
transactions/,transactions:transactions_view,owner_id,select,,sim,transactions/index.html:44
transactions/,transactions:transactions_view,institution_id,select,,sim,transactions/index.html:53
transactions/,transactions:transactions_view,account_id,select,,sim,transactions/index.html:62
