caso,sistema,tela_url_antes,operacao,variacao,codigo,url_depois,url_perdeu,filtros_mudaram,trocas,cabecalhos_hx,obs
1.F,CRV,/dividends,aplicar filtro corretora (select broker),sucesso,OK,/dividends?broker=XP,,/dividends|broker: vazio -> XP,dividends-results,HX-Replace-Url,"U ok: filtro na URL; troca parcial da tabela"
1.F,CRV,/dividends?broker=XP,abrir filtros globais e aplicar moeda USD (Dolar marcado e Real desmarcado),sucesso,R,/dividends?currency=USD,broker=XP -> (sumiu),/dividends|currency: BRL -> USD; /dividends|broker: XP -> vazio,,,"Aplicar do menu global recarrega a pagina inteira e descarta o filtro de corretora"
1.F,CRV,/dividends?broker=XP&currency=USD,F5 (navigate mesma URL),F5,OK,/dividends?broker=XP&currency=USD,,,collector-heartbeat,,"Recarga do F5 esperada; URL e filtros mantidos"
1.F,CRV,/dividends?broker=XP&currency=USD,voltar (back),voltar,F,/dividends?broker=XP,currency=USD -> (sumiu),/dividends|currency: USD -> BRL,,,"Voltar restaura entrada sem moeda; tela volta a BRL"
1.F,CRV,/dividends?broker=XP,ir e voltar pelo menu Carteira (Posicoes e Proventos),menu,F,/dividends,broker=XP -> (sumiu),/dividends|broker: XP -> vazio,,,"Link Proventos do menu e fixo (sem query); ida e volta perdem corretora"
1.F,CRV,/dividends,aplicar filtros de validacao e cancelar,erro/cancelar,NAO_TESTAVEL,,,,,,"Filtro de listagem sem validacao de erro; cancelar nao se aplica"
1.X1,CRV,/dividends?broker=Nomad&currency=USD,expandir ativo (1 de 1 na lista),sucesso,OK,/dividends?broker=Nomad&currency=USD,,abertos 0 -> 1,dividends-results,HX-Replace-Url,"Troca parcial; estado expandido vai em query de request, nao na URL"
1.X2,CRV,/dividends?broker=Nomad&currency=USD,expandir ano 2026 (com ativo expandido),sucesso,OK,/dividends?broker=Nomad&currency=USD,,abertos 1 -> 2,dividends-results,HX-Replace-Url,"Expansao do ativo preservada ao expandir o ano"
1.X2,CRV,/dividends?broker=Nomad&currency=USD,F5 com ativo e ano expandidos,F5,S,/dividends?broker=Nomad&currency=USD,,abertos 2 -> 0,,,"Expansoes fora da URL: F5 fecha ativo e ano; filtros mantidos"
1.X3,CRV,/dividends?broker=Nomad&currency=USD,abrir Novo provento a partir da lista filtrada,abrir,F,/dividends/new?currency=USD,broker=Nomad -> (sumiu),/dividends|broker: Nomad -> vazio,,,"Link Novo provento leva so a moeda; corretora da lista nao vai ao formulario"
1.X3,CRV,/dividends/new?currency=USD,salvar com valor e data vazios (validacao),erro de validacao,OK,/dividends/new?currency=USD,,,,,"Validacao do navegador bloqueia envio; sem requisicao ao servidor"
1.X3,CRV,/dividends/new?currency=USD,cancelar (link Cancelar),cancelar,F,/dividends?currency=USD,broker=Nomad -> (sumiu),/dividends|broker: Nomad -> vazio,collector-heartbeat,,"Cancelar volta sem corretora; link fixo sem query da lista"
1.X3,CRV,/dividends/new?currency=USD,salvar provento de teste (valor minimo) e confirmar,sucesso,F,/dividends,broker=Nomad -> (sumiu); currency=USD -> (sumiu),/dividends|broker: Nomad -> vazio; /dividends|currency: USD -> BRL,,,"Criado id 142 (sem prefixo AUD: formulario nao tem campo de descricao). Redirect para /dividends descarta filtros"
1.X3,CRV,/dividends?broker=Nomad&currency=USD,salvar criacao com sucesso (provento de teste id 142 criado),sucesso,F,/dividends,broker=Nomad -> (sumiu); currency=USD -> (sumiu),/dividends|broker: Nomad -> vazio; /dividends|currency: USD -> BRL,collector-heartbeat,,"Redirect pos-salvar descarta corretora e moeda; recarga plena da pagina"
1.X4,CRV,/dividends?broker=Nomad&currency=USD (ativo expandido),editar provento de teste id 142 (valor de teste) e salvar,sucesso,F,/dividends,broker=Nomad -> (sumiu); currency=USD -> (sumiu),/dividends|broker: Nomad -> vazio; /dividends|currency: USD -> BRL,collector-heartbeat,,"Redirect pos-edicao descarta corretora e moeda; abertos 1 -> 0"
1.X4,CRV,/dividends/142/edit?currency=USD,salvar edicao com valor vazio (validacao),erro de validacao,OK,/dividends/142/edit?currency=USD,,,,,"Validacao do navegador bloqueia envio; sem requisicao ao servidor"
1.X4,CRV,/dividends?broker=Nomad&currency=USD (ativo expandido),editar e cancelar (link Cancelar),cancelar,F,/dividends?currency=USD,broker=Nomad -> (sumiu),/dividends|broker: Nomad -> vazio,,,"Cancelar da edicao volta sem corretora; abertos 1 -> 0"
1.X5,CRV,/dividends/142/edit?currency=USD,excluir (botao Excluir renda) e cancelar no dialogo,cancelar exclusao,OK,/dividends/142/edit?currency=USD,,,collector-heartbeat,,"Dialogo nao cita prefixo AUD (campo inexistente): cancelado conforme protocolo; sem navegacao; fechamento do dialogo nao confirmado visualmente"
1.X6,CRV,/dividends?broker=XP&currency=USD,clicar Limpar (link),sucesso,OK,/dividends?currency=USD,broker=XP -> (sumiu),/dividends|broker: XP -> vazio,collector-heartbeat,,"Limpar remove so a corretora (intencional); moeda mantida"
2.F,CRV,/dividends/import?currency=USD,aplicar moeda BRL no filtro global (USD desmarcado),sucesso,R,/dividends/import?currency=BRL,currency=USD -> BRL (troca deliberada),/dividends/import|currency: USD -> BRL,collector-heartbeat,,"Filtro global recarrega a pagina inteira; mudanca de moeda foi a acao"
2.F,CRV,/dividends/import?currency=BRL,F5,F5,OK,/dividends/import?currency=BRL,,,,,"Recarga do F5; URL e moeda mantidas"
2.F,CRV,/dividends/import?currency=BRL,voltar (back),voltar,F,/dividends/import?currency=USD,currency=BRL -> USD,/dividends/import|currency: BRL -> USD,,,"Voltar restaura moeda da entrada anterior; a tela muda de moeda sem acao de filtro"
2.F,CRV,/dividends/import?currency=USD,ir pelo menu Carteira -> Proventos,menu,OK,/dividends?currency=USD,,,collector-heartbeat,,"Menu preserva a moeda USD; sem perda de filtro"
2.X1,CRV,/dividends/import?currency=USD,cancelar (link Cancelar),cancelar,OK,/dividends?currency=USD,,,collector-heartbeat,,"Cancelar volta preservando moeda USD; nenhum arquivo enviado"
2.1,CRV,/dividends/import?currency=USD,importar planilha XLSX (botao Importar),sucesso,NAO_TESTAVEL,,,,,,"Operacao pede arquivo XLSX; nao enviado (lote)"
G.import,CRV,/dividends/import?currency=USD,moeda ALL no filtro global (BRL e USD marcados),sucesso,R,/dividends/import?currency=ALL,currency=USD -> ALL (troca deliberada),/dividends/import|currency: USD -> ALL,collector-heartbeat,,"Filtro global recarrega a pagina inteira"
G.import,CRV,/dividends/import?currency=ALL,ir pelo menu Carteira -> Proventos,menu,OK,/dividends?currency=ALL,,,collector-heartbeat,,"Moeda ALL propagada pelo menu; lista mostra as duas moedas"
