rnum,origem
R001,A2:3.1
R002,A2:7.F
R003,A2:1.6
R004,A1:4.F
R005,A1:1.2p
R006,A1:1.3
R007,A4b:11.1
R008,A2:2.F
R009,A2:4.F
R010,A4:2.1
R011,A1:1.X3
R012,A2:1.7
R013,A3:2.F
R014,A1:4.F
R015,A4:6.1
R016,A3:G.reclassification
R017,A2:1.4
R018,A4:5.1
R019,A4:1.3
R020,A1:1.F
R021,A2:6.F
R022,A4:3.6
R023,A4:2.2
R024,A1:1.1
R025,A2:5.F
R026,A1:5.F
R027,A1:1.3
R028,A2:3.F
R029,A4b:12.F
R030,A1:1.F
R031,A4:5.2
R032,A2:6.F
R033,A2:4.F
R034,A2:9.F
R035,A2:8.F
R036,A1:1.2
R037,A4:2.1
R038,A3:3.F
R039,A1:1.F
R040,A4:8.F
R041,A3:G.monthly-close
R042,A4:6.X1
R043,A4:3.1
R044,A2:8.F
R045,A4:4.1
R046,A4:2.F
R047,A1:1.2t
R048,A4:2.3
R049,A4b:11.F
R050,A4:9.F
R051,A2:7.F
R052,A4:8.1
R053,A2:3.F
R054,A4:4.2
R055,A4:1.F
R056,A2:1.3
R057,A4:1.2
R058,A3:2.F
R059,A1:4.X1
R060,A4:1.1
